Workflow,State,Permission,Roles
folder_workflow,visible,Modify portal content,"Manager, Owner, Editor, Site Administrator"
folder_workflow,visible,Access contents information,Anonymous
folder_workflow,visible,View,Anonymous
folder_workflow,private,Modify portal content,"Manager, Owner, Editor, Site Administrator"
folder_workflow,private,Access contents information,"Manager, Owner, Editor, Reader, Contributor, Site Administrator"
folder_workflow,private,View,"Manager, Owner, Editor, Reader, Contributor, Site Administrator"
folder_workflow,published,Modify portal content,"Manager, Owner, Editor, Site Administrator"
folder_workflow,published,Access contents information,Anonymous
folder_workflow,published,View,Anonymous
intranet_folder_workflow,internal,Modify portal content,"Manager, Owner, Editor, Site Administrator"
intranet_folder_workflow,internal,Access contents information,"Manager, Owner, Editor, Reader, Contributor, Member, Site Administrator"
intranet_folder_workflow,internal,View,"Manager, Owner, Editor, Reader, Contributor, Member, Site Administrator"
intranet_folder_workflow,private,Modify portal content,"Manager, Owner, Editor, Site Administrator"
intranet_folder_workflow,private,Access contents information,"Manager, Owner, Editor, Reader, Contributor, Site Administrator"
intranet_folder_workflow,private,View,"Manager, Owner, Editor, Reader, Contributor, Site Administrator"
intranet_workflow,internally_published,Change portal events,"Manager, Site Administrator"
intranet_workflow,internally_published,Modify portal content,"Manager, Site Administrator"
intranet_workflow,internally_published,Access contents information,"Manager, Owner, Editor, Reader, Contributor, Member, Site Administrator"
intranet_workflow,internally_published,View,"Manager, Owner, Editor, Reader, Contributor, Member, Site Administrator"
intranet_workflow,internal,Change portal events,"Manager, Owner, Editor, Site Administrator"
intranet_workflow,internal,Modify portal content,"Manager, Owner, Editor, Site Administrator"
intranet_workflow,internal,Access contents information,"Manager, Owner, Editor, Reader, Contributor, Member, Site Administrator"
intranet_workflow,internal,View,"Manager, Owner, Editor, Reader, Contributor, Member, Site Administrator"
intranet_workflow,pending,Change portal events,"Manager, Reviewer, Site Administrator"
intranet_workflow,pending,Modify portal content,"Manager, Reviewer, Site Administrator"
intranet_workflow,pending,Access contents information,"Manager, Owner, Editor, Reader, Contributor, Member, Reviewer, Site Administrator"
intranet_workflow,pending,View,"Manager, Owner, Editor, Reader, Contributor, Member, Reviewer, Site Administrator"
intranet_workflow,private,Change portal events,"Manager, Owner, Editor, Site Administrator"
intranet_workflow,private,Modify portal content,"Manager, Owner, Editor, Site Administrator"
intranet_workflow,private,Access contents information,"Manager, Owner, Editor, Reader, Contributor, Site Administrator"
intranet_workflow,private,View,"Manager, Owner, Editor, Reader, Contributor, Site Administrator"
intranet_workflow,external,Change portal events,"Manager, Site Administrator"
intranet_workflow,external,Modify portal content,"Manager, Site Administrator"
intranet_workflow,external,Access contents information,Anonymous
intranet_workflow,external,View,Anonymous
one_state_workflow,published,Change portal events,"Manager, Owner, Editor, Site Administrator"
one_state_workflow,published,Modify portal content,"Manager, Owner, Editor, Site Administrator"
one_state_workflow,published,Access contents information,Anonymous
one_state_workflow,published,View,Anonymous
plone_workflow,visible,Change portal events,"Manager, Owner, Editor, Site Administrator"
plone_workflow,visible,Modify portal content,"Manager, Owner, Editor, Site Administrator"
plone_workflow,visible,Access contents information,Anonymous
plone_workflow,visible,View,Anonymous
plone_workflow,pending,Change portal events,"Manager, Reviewer, Site Administrator"
plone_workflow,pending,Modify portal content,"Manager, Reviewer, Site Administrator"
plone_workflow,pending,Access contents information,Anonymous
plone_workflow,pending,View,Anonymous
plone_workflow,private,Change portal events,"Manager, Owner, Editor, Site Administrator"
plone_workflow,private,Modify portal content,"Manager, Owner, Editor, Site Administrator"
plone_workflow,private,Access contents information,"Manager, Owner, Reader, Editor, Contributor, Site Administrator"
plone_workflow,private,View,"Manager, Owner, Reader, Editor, Contributor, Site Administrator"
plone_workflow,published,Change portal events,"Manager, Site Administrator"
plone_workflow,published,Modify portal content,"Manager, Site Administrator"
plone_workflow,published,Access contents information,Anonymous
plone_workflow,published,View,Anonymous
simple_publication_workflow,pending,Change portal events,"Manager, Reviewer, Site Administrator"
simple_publication_workflow,pending,Modify portal content,"Manager, Reviewer, Site Administrator"
simple_publication_workflow,pending,Access contents information,"Manager, Owner, Editor, Reader, Contributor, Reviewer, Site Administrator"
simple_publication_workflow,pending,View,"Manager, Owner, Editor, Reader, Contributor, Reviewer, Site Administrator"
simple_publication_workflow,private,Change portal events,"Manager, Owner, Editor, Site Administrator"
simple_publication_workflow,private,Modify portal content,"Manager, Owner, Editor, Site Administrator"
simple_publication_workflow,private,Access contents information,"Manager, Owner, Editor, Reader, Contributor, Site Administrator"
simple_publication_workflow,private,View,"Manager, Owner, Editor, Reader, Contributor, Site Administrator"
simple_publication_workflow,published,Change portal events,"Manager, Owner, Editor, Site Administrator"
simple_publication_workflow,published,Modify portal content,"Manager, Owner, Editor, Site Administrator"
simple_publication_workflow,published,Access contents information,Anonymous
simple_publication_workflow,published,View,Anonymous
comment_review_workflow,pending,Modify portal content,"Manager, Owner, Reviewer"
comment_review_workflow,pending,Access contents information,"Manager, Owner, Reviewer"
comment_review_workflow,pending,Reply to item,
comment_review_workflow,pending,View,"Manager, Owner, Reviewer"
comment_review_workflow,published,Modify portal content,Manager
comment_review_workflow,published,Access contents information,
comment_review_workflow,published,Reply to item,
comment_review_workflow,published,View,
comment_one_state_workflow,published,Change portal events,"Manager, Owner, Editor, Site Administrator"
comment_one_state_workflow,published,Modify portal content,"Manager, Owner, Editor, Site Administrator"
comment_one_state_workflow,published,Access contents information,Anonymous
comment_one_state_workflow,published,View,
task_workflow,to_assign,Review portal content,"Manager, Reviewer, Site Administrator"
task_workflow,to_assign,Modify portal content,"Editor, Manager, Site Administrator"
task_workflow,to_assign,Delete objects,"Manager, Site Administrator"
task_workflow,to_assign,Request review,"Editor, Manager, Site Administrator"
task_workflow,to_assign,Access contents information,"Contributor, Editor, Manager, Owner, Reader, Reviewer, Site Administrator"
task_workflow,to_assign,View,"Contributor, Editor, Manager, Owner, Reader, Reviewer, Site Administrator"
task_workflow,realized,Review portal content,"Manager, Reviewer, Site Administrator"
task_workflow,realized,Modify portal content,"Editor, Manager, Site Administrator"
task_workflow,realized,Delete objects,"Manager, Site Administrator"
task_workflow,realized,Request review,"Editor, Manager, Site Administrator"
task_workflow,realized,Access contents information,"Contributor, Editor, Manager, Owner, Reader, Reviewer, Site Administrator"
task_workflow,realized,View,"Contributor, Editor, Manager, Owner, Reader, Reviewer, Site Administrator"
task_workflow,created,Review portal content,"Contributor, Manager, Reviewer, Site Administrator"
task_workflow,created,Modify portal content,"Contributor, Editor, Manager, Owner, Site Administrator"
task_workflow,created,Delete objects,"Contributor, Editor, Manager, Owner, Site Administrator"
task_workflow,created,Add portal content,
task_workflow,created,Request review,"Contributor, Editor, Manager, Owner, Site Administrator"
task_workflow,created,Access contents information,"Contributor, Editor, Manager, Owner, Reader, Reviewer, Site Administrator"
task_workflow,created,View,"Contributor, Editor, Manager, Owner, Reader, Reviewer, Site Administrator"
task_workflow,to_do,Review portal content,"Manager, Reviewer, Site Administrator"
task_workflow,to_do,Modify portal content,"Editor, Manager, Site Administrator"
task_workflow,to_do,Delete objects,"Manager, Site Administrator"
task_workflow,to_do,Request review,"Editor, Manager, Site Administrator"
task_workflow,to_do,Access contents information,"Contributor, Editor, Manager, Owner, Reader, Reviewer, Site Administrator"
task_workflow,to_do,View,"Contributor, Editor, Manager, Owner, Reader, Reviewer, Site Administrator"
task_workflow,closed,Review portal content,"Manager, Reviewer, Site Administrator"
task_workflow,closed,Modify portal content,"Editor, Manager, Site Administrator"
task_workflow,closed,Delete objects,"Manager, Site Administrator"
task_workflow,closed,Request review,"Editor, Manager, Site Administrator"
task_workflow,closed,Access contents information,"Contributor, Editor, Manager, Owner, Reader, Reviewer, Site Administrator"
task_workflow,closed,View,"Contributor, Editor, Manager, Owner, Reader, Reviewer, Site Administrator"
task_workflow,in_progress,Review portal content,"Manager, Reviewer, Site Administrator"
task_workflow,in_progress,Modify portal content,"Editor, Manager, Site Administrator"
task_workflow,in_progress,Delete objects,"Manager, Site Administrator"
task_workflow,in_progress,Request review,"Editor, Manager, Site Administrator"
task_workflow,in_progress,Access contents information,"Contributor, Editor, Manager, Owner, Reader, Reviewer, Site Administrator"
task_workflow,in_progress,View,"Contributor, Editor, Manager, Owner, Reader, Reviewer, Site Administrator"
activation_workflow,disabled,Review portal content,"Manager, Contributor, Editor, Owner"
activation_workflow,disabled,Modify portal content,"Manager, Contributor, Editor, Owner"
activation_workflow,disabled,Acces contents information,"Reader, Manager, Contributor, Editor, Owner"
activation_workflow,disabled,Delete objects,"Manager, Contributor, Editor, Owner"
activation_workflow,disabled,Access contents information,"Reader, Manager, Contributor, Editor, Owner"
activation_workflow,disabled,View,"Reader, Manager, Contributor, Editor, Owner"
activation_workflow,enabled,Review portal content,"Manager, Contributor, Editor, Owner"
activation_workflow,enabled,Modify portal content,"Manager, Contributor, Editor, Owner"
activation_workflow,enabled,Acces contents information,"Manager, Contributor, Reader, Editor, Owner"
activation_workflow,enabled,Delete objects,"Manager, Contributor, Editor, Owner"
activation_workflow,enabled,Access contents information,"Manager, Contributor, Reader, Editor, Owner"
activation_workflow,enabled,View,"Manager, Contributor, Reader, Editor, Owner"
urban_licence_workflow,in_progress,Review portal content,"Reviewer, Contributor, Manager"
urban_licence_workflow,in_progress,Modify portal content,"Editor, Contributor, Manager"
urban_licence_workflow,in_progress,Acces contents information,"Reader, Editor, Contributor, Manager"
urban_licence_workflow,in_progress,Modify view template,Manager
urban_licence_workflow,in_progress,Delete objects,"Editor, Contributor, Manager"
urban_licence_workflow,in_progress,Add portal content,"Editor, Contributor, Manager"
urban_licence_workflow,in_progress,Manage properties,"Contributor, Editor, Manager"
urban_licence_workflow,in_progress,Access contents information,"Reader, Editor, Contributor, Manager"
urban_licence_workflow,in_progress,View,"Reader, Editor, Contributor, Manager"
urban_licence_workflow,accepted,Review portal content,"Reviewer, Manager"
urban_licence_workflow,accepted,Modify portal content,"Editor, Contributor, Manager"
urban_licence_workflow,accepted,Acces contents information,"Reader, Editor, Contributor, Manager"
urban_licence_workflow,accepted,Modify view template,Manager
urban_licence_workflow,accepted,Delete objects,"Editor, Contributor, Manager"
urban_licence_workflow,accepted,Add portal content,"Editor, Contributor, Manager"
urban_licence_workflow,accepted,Manage properties,"Contributor, Editor, Manager"
urban_licence_workflow,accepted,Access contents information,"Reader, Editor, Contributor, Manager"
urban_licence_workflow,accepted,View,"Reader, Editor, Contributor, Manager"
urban_licence_workflow,retired,Review portal content,"Reviewer, Manager"
urban_licence_workflow,retired,Modify portal content,"Editor, Contributor, Manager"
urban_licence_workflow,retired,Acces contents information,"Reader, Editor, Contributor, Manager"
urban_licence_workflow,retired,Modify view template,Manager
urban_licence_workflow,retired,Delete objects,"Editor, Contributor, Manager"
urban_licence_workflow,retired,Add portal content,"Editor, Contributor, Manager"
urban_licence_workflow,retired,Manage properties,"Contributor, Editor, Manager"
urban_licence_workflow,retired,Access contents information,"Reader, Editor, Contributor, Manager"
urban_licence_workflow,retired,View,"Reader, Editor, Contributor, Manager"
urban_licence_workflow,incomplete,Review portal content,"Reviewer, Contributor, Manager"
urban_licence_workflow,incomplete,Modify portal content,"Editor, Contributor, Manager"
urban_licence_workflow,incomplete,Acces contents information,"Reader, Editor, Contributor, Manager"
urban_licence_workflow,incomplete,Modify view template,Manager
urban_licence_workflow,incomplete,Delete objects,"Editor, Contributor, Manager"
urban_licence_workflow,incomplete,Add portal content,"Editor, Contributor, Manager"
urban_licence_workflow,incomplete,Manage properties,"Contributor, Editor, Manager"
urban_licence_workflow,incomplete,Access contents information,"Reader, Editor, Contributor, Manager"
urban_licence_workflow,incomplete,View,"Reader, Editor, Contributor, Manager"
urban_licence_workflow,refused,Review portal content,"Reviewer, Manager"
urban_licence_workflow,refused,Modify portal content,"Editor, Contributor, Manager"
urban_licence_workflow,refused,Acces contents information,"Reader, Editor, Contributor, Manager"
urban_licence_workflow,refused,Modify view template,Manager
urban_licence_workflow,refused,Delete objects,"Editor, Contributor, Manager"
urban_licence_workflow,refused,Add portal content,"Editor, Contributor, Manager"
urban_licence_workflow,refused,Manage properties,"Contributor, Editor, Manager"
urban_licence_workflow,refused,Access contents information,"Reader, Editor, Contributor, Manager"
urban_licence_workflow,refused,View,"Reader, Editor, Contributor, Manager"
env_licence_workflow,accepted,Review portal content,"Reviewer, Manager"
env_licence_workflow,accepted,Modify portal content,"Editor, Contributor, Manager"
env_licence_workflow,accepted,Acces contents information,"Reader, Editor, Contributor, Manager"
env_licence_workflow,accepted,Modify view template,Manager
env_licence_workflow,accepted,urban: Add CODT_Inquiry,"Editor, Contributor, Manager"
env_licence_workflow,accepted,Delete objects,"Editor, Contributor, Manager"
env_licence_workflow,accepted,Add portal content,"Editor, Contributor, Manager"
env_licence_workflow,accepted,Manage properties,"Contributor, Editor, Manager"
env_licence_workflow,accepted,Access contents information,"Reader, Editor, Contributor, Manager"
env_licence_workflow,accepted,View,"Reader, Editor, Contributor, Manager"
env_licence_workflow,retired,Review portal content,"Reviewer, Manager"
env_licence_workflow,retired,Modify portal content,"Editor, Contributor, Manager"
env_licence_workflow,retired,Acces contents information,"Reader, Editor, Contributor, Manager"
env_licence_workflow,retired,Modify view template,Manager
env_licence_workflow,retired,urban: Add CODT_Inquiry,"Editor, Contributor, Manager"
env_licence_workflow,retired,Delete objects,"Editor, Contributor, Manager"
env_licence_workflow,retired,Add portal content,"Editor, Contributor, Manager"
env_licence_workflow,retired,Manage properties,"Contributor, Editor, Manager"
env_licence_workflow,retired,Access contents information,"Reader, Editor, Contributor, Manager"
env_licence_workflow,retired,View,"Reader, Editor, Contributor, Manager"
env_licence_workflow,complete,Review portal content,"Reviewer, Manager"
env_licence_workflow,complete,Modify portal content,"Editor, Contributor, Manager"
env_licence_workflow,complete,Acces contents information,"Reader, Editor, Contributor, Manager"
env_licence_workflow,complete,Modify view template,Manager
env_licence_workflow,complete,urban: Add CODT_Inquiry,"Editor, Contributor, Manager"
env_licence_workflow,complete,Delete objects,"Editor, Contributor, Manager"
env_licence_workflow,complete,Add portal content,"Editor, Contributor, Manager"
env_licence_workflow,complete,Manage properties,"Contributor, Editor, Manager"
env_licence_workflow,complete,Access contents information,"Reader, Editor, Contributor, Manager"
env_licence_workflow,complete,View,"Reader, Editor, Contributor, Manager"
env_licence_workflow,final_decision_in_progress,Review portal content,"Reviewer, Manager"
env_licence_workflow,final_decision_in_progress,Modify portal content,"Editor, Contributor, Manager"
env_licence_workflow,final_decision_in_progress,Acces contents information,"Reader, Editor, Contributor, Manager"
env_licence_workflow,final_decision_in_progress,Modify view template,Manager
env_licence_workflow,final_decision_in_progress,urban: Add CODT_Inquiry,"Editor, Contributor, Manager"
env_licence_workflow,final_decision_in_progress,Delete objects,"Editor, Contributor, Manager"
env_licence_workflow,final_decision_in_progress,Add portal content,"Editor, Contributor, Manager"
env_licence_workflow,final_decision_in_progress,Manage properties,"Contributor, Editor, Manager"
env_licence_workflow,final_decision_in_progress,Access contents information,"Reader, Editor, Contributor, Manager"
env_licence_workflow,final_decision_in_progress,View,"Reader, Editor, Contributor, Manager"
env_licence_workflow,inacceptable,Review portal content,"Reviewer, Manager"
env_licence_workflow,inacceptable,Modify portal content,"Editor, Contributor, Manager"
env_licence_workflow,inacceptable,Acces contents information,"Reader, Editor, Contributor, Manager"
env_licence_workflow,inacceptable,Modify view template,Manager
env_licence_workflow,inacceptable,urban: Add CODT_Inquiry,"Editor, Contributor, Manager"
env_licence_workflow,inacceptable,Delete objects,"Editor, Contributor, Manager"
env_licence_workflow,inacceptable,Add portal content,"Editor, Contributor, Manager"
env_licence_workflow,inacceptable,Manage properties,"Contributor, Editor, Manager"
env_licence_workflow,inacceptable,Access contents information,"Reader, Editor, Contributor, Manager"
env_licence_workflow,inacceptable,View,"Reader, Editor, Contributor, Manager"
env_licence_workflow,incomplete,Review portal content,"Reviewer, Manager"
env_licence_workflow,incomplete,Modify portal content,"Editor, Contributor, Manager"
env_licence_workflow,incomplete,Acces contents information,"Reader, Editor, Contributor, Manager"
env_licence_workflow,incomplete,Modify view template,Manager
env_licence_workflow,incomplete,urban: Add CODT_Inquiry,"Editor, Contributor, Manager"
env_licence_workflow,incomplete,Delete objects,"Editor, Contributor, Manager"
env_licence_workflow,incomplete,Add portal content,"Editor, Contributor, Manager"
env_licence_workflow,incomplete,Manage properties,"Contributor, Editor, Manager"
env_licence_workflow,incomplete,Access contents information,"Reader, Editor, Contributor, Manager"
env_licence_workflow,incomplete,View,"Reader, Editor, Contributor, Manager"
env_licence_workflow,college_opinion,Review portal content,"Reviewer, Manager"
env_licence_workflow,college_opinion,Modify portal content,"Editor, Contributor, Manager"
env_licence_workflow,college_opinion,Acces contents information,"Reader, Editor, Contributor, Manager"
env_licence_workflow,college_opinion,Modify view template,Manager
env_licence_workflow,college_opinion,urban: Add CODT_Inquiry,"Editor, Contributor, Manager"
env_licence_workflow,college_opinion,Delete objects,"Editor, Contributor, Manager"
env_licence_workflow,college_opinion,Add portal content,"Editor, Contributor, Manager"
env_licence_workflow,college_opinion,Manage properties,"Contributor, Editor, Manager"
env_licence_workflow,college_opinion,Access contents information,"Reader, Editor, Contributor, Manager"
env_licence_workflow,college_opinion,View,"Reader, Editor, Contributor, Manager"
env_licence_workflow,deposit,Review portal content,"Reviewer, Contributor, Manager"
env_licence_workflow,deposit,Modify portal content,"Editor, Contributor, Manager"
env_licence_workflow,deposit,Acces contents information,"Reader, Editor, Contributor, Manager"
env_licence_workflow,deposit,Modify view template,Manager
env_licence_workflow,deposit,urban: Add CODT_Inquiry,"Editor, Contributor, Manager"
env_licence_workflow,deposit,Delete objects,"Editor, Contributor, Manager"
env_licence_workflow,deposit,Add portal content,"Editor, Contributor, Manager"
env_licence_workflow,deposit,Manage properties,"Contributor, Editor, Manager"
env_licence_workflow,deposit,Access contents information,"Reader, Editor, Contributor, Manager"
env_licence_workflow,deposit,View,"Reader, Editor, Contributor, Manager"
env_licence_workflow,FT_opinion,Review portal content,"Reviewer, Manager"
env_licence_workflow,FT_opinion,Modify portal content,"Editor, Contributor, Manager"
env_licence_workflow,FT_opinion,Acces contents information,"Reader, Editor, Contributor, Manager"
env_licence_workflow,FT_opinion,Modify view template,Manager
env_licence_workflow,FT_opinion,urban: Add CODT_Inquiry,"Editor, Contributor, Manager"
env_licence_workflow,FT_opinion,Delete objects,"Editor, Contributor, Manager"
env_licence_workflow,FT_opinion,Add portal content,"Editor, Contributor, Manager"
env_licence_workflow,FT_opinion,Manage properties,"Contributor, Editor, Manager"
env_licence_workflow,FT_opinion,Access contents information,"Reader, Editor, Contributor, Manager"
env_licence_workflow,FT_opinion,View,"Reader, Editor, Contributor, Manager"
env_licence_workflow,refused,Review portal content,"Reviewer, Contributor, Manager"
env_licence_workflow,refused,Modify portal content,"Editor, Contributor, Manager"
env_licence_workflow,refused,Acces contents information,"Reader, Editor, Contributor, Manager"
env_licence_workflow,refused,Modify view template,Manager
env_licence_workflow,refused,urban: Add CODT_Inquiry,"Editor, Contributor, Manager"
env_licence_workflow,refused,Delete objects,"Editor, Contributor, Manager"
env_licence_workflow,refused,Add portal content,"Editor, Contributor, Manager"
env_licence_workflow,refused,Manage properties,"Contributor, Editor, Manager"
env_licence_workflow,refused,Access contents information,"Reader, Editor, Contributor, Manager"
env_licence_workflow,refused,View,"Reader, Editor, Contributor, Manager"
codt_buildlicence_workflow,frozen_suspension,urban: Add UrbanEvent,"Contributor, Editor, Manager"
codt_buildlicence_workflow,frozen_suspension,ATContentTypes: Add File,"Contributor, Editor, Manager"
codt_buildlicence_workflow,frozen_suspension,List folder contents,"Contributor, Editor, Manager, Reader, RoadEditor, RoadReader"
codt_buildlicence_workflow,frozen_suspension,urban: Add Applicant,"Contributor, Editor, Manager"
codt_buildlicence_workflow,frozen_suspension,urban: Add Couple,"Contributor, Editor, Manager"
codt_buildlicence_workflow,frozen_suspension,Modify portal content,"Contributor, Editor, Manager, RoadEditor, AddressEditor"
codt_buildlicence_workflow,frozen_suspension,urban: Add Contact,"Contributor, Editor, Manager"
codt_buildlicence_workflow,frozen_suspension,urban: Add CODT_Inquiry,"Contributor, Editor, Manager"
codt_buildlicence_workflow,frozen_suspension,Delete objects,"Contributor, Editor, Manager"
codt_buildlicence_workflow,frozen_suspension,Add portal content,"Contributor, Editor, Manager, Reader"
codt_buildlicence_workflow,frozen_suspension,ATContentTypes: Add Image,"Contributor, Editor, Manager"
codt_buildlicence_workflow,frozen_suspension,View,"Contributor, Editor, ExternalReader, InternalReader, Manager, Reader, RoadEditor, RoadReader"
codt_buildlicence_workflow,frozen_suspension,urban: Add Corporation,"Contributor, Editor, Manager"
codt_buildlicence_workflow,frozen_suspension,Access contents information,"Contributor, Editor, ExternalReader, InternalReader, Manager, Reader, RoadEditor, RoadReader"
codt_buildlicence_workflow,frozen_suspension,urban: Add PortionOut,"AddressEditor, Manager"
codt_buildlicence_workflow,frozen_suspension,urban: Add UrbanEventOpinionRequest,"Contributor, Editor, Manager"
codt_buildlicence_workflow,retired,Review portal content,"Reviewer, Manager"
codt_buildlicence_workflow,retired,Modify portal content,"Editor, Contributor, Manager"
codt_buildlicence_workflow,retired,Acces contents information,"Reader, Editor, Contributor, Manager"
codt_buildlicence_workflow,retired,Modify view template,Manager
codt_buildlicence_workflow,retired,urban: Add CODT_Inquiry,"Editor, Contributor, Manager"
codt_buildlicence_workflow,retired,Delete objects,"Editor, Contributor, Manager"
codt_buildlicence_workflow,retired,Add portal content,"Editor, Contributor, Manager"
codt_buildlicence_workflow,retired,urban: Add CODT_UniqueLicenceInquiry,"Editor, Contributor, Manager"
codt_buildlicence_workflow,retired,View,"Reader, Editor, Contributor, Manager"
codt_buildlicence_workflow,retired,Access contents information,"Reader, Editor, Contributor, Manager"
codt_buildlicence_workflow,retired,Manage properties,"Contributor, Editor, Manager"
codt_buildlicence_workflow,complete,Review portal content,"Reviewer, Manager"
codt_buildlicence_workflow,complete,Modify portal content,"Editor, Contributor, Manager"
codt_buildlicence_workflow,complete,Acces contents information,"Reader, Editor, Contributor, Manager"
codt_buildlicence_workflow,complete,Modify view template,Manager
codt_buildlicence_workflow,complete,urban: Add CODT_Inquiry,"Editor, Contributor, Manager"
codt_buildlicence_workflow,complete,Delete objects,"Editor, Contributor, Manager"
codt_buildlicence_workflow,complete,Add portal content,"Editor, Contributor, Manager"
codt_buildlicence_workflow,complete,urban: Add CODT_UniqueLicenceInquiry,"Editor, Contributor, Manager"
codt_buildlicence_workflow,complete,View,"Reader, Editor, Contributor, Manager"
codt_buildlicence_workflow,complete,Access contents information,"Reader, Editor, Contributor, Manager"
codt_buildlicence_workflow,complete,Manage properties,"Contributor, Editor, Manager"
codt_buildlicence_workflow,inacceptable,Review portal content,"Reviewer, Manager"
codt_buildlicence_workflow,inacceptable,Modify portal content,"Editor, Contributor, Manager"
codt_buildlicence_workflow,inacceptable,Acces contents information,"Reader, Editor, Contributor, Manager"
codt_buildlicence_workflow,inacceptable,Modify view template,Manager
codt_buildlicence_workflow,inacceptable,urban: Add CODT_Inquiry,"Editor, Contributor, Manager"
codt_buildlicence_workflow,inacceptable,Delete objects,"Editor, Contributor, Manager"
codt_buildlicence_workflow,inacceptable,Add portal content,"Editor, Contributor, Manager"
codt_buildlicence_workflow,inacceptable,urban: Add CODT_UniqueLicenceInquiry,"Editor, Contributor, Manager"
codt_buildlicence_workflow,inacceptable,View,"Reader, Editor, Contributor, Manager"
codt_buildlicence_workflow,inacceptable,Access contents information,"Reader, Editor, Contributor, Manager"
codt_buildlicence_workflow,inacceptable,Manage properties,"Contributor, Editor, Manager"
codt_buildlicence_workflow,obsolete,List folder contents,"Contributor, Editor, ExternalReader, InternalReader, Manager, Reader, RoadEditor, RoadReader"
codt_buildlicence_workflow,obsolete,liege.urban: Internal Editor,"Contributor, Editor, Manager"
codt_buildlicence_workflow,obsolete,liege.urban: External Reader,"Contributor, Editor, ExternalReader, InternalReader, Manager, Reader, RoadReader"
codt_buildlicence_workflow,obsolete,Delete objects,"Contributor, Editor, Manager"
codt_buildlicence_workflow,obsolete,ATContentTypes: Add File,"Contributor, Editor, Manager"
codt_buildlicence_workflow,obsolete,urban: Add Contact,"Contributor, Editor, Manager"
codt_buildlicence_workflow,obsolete,liege.urban: Internal Reader,"Contributor, Editor, Manager, InternalReader"
codt_buildlicence_workflow,obsolete,liege.urban: Description Editor,"Contributor, Editor, Manager, AddressEditor"
codt_buildlicence_workflow,obsolete,View,"Contributor, Editor, ExternalReader, InternalReader, Manager, Reader, RoadReader"
codt_buildlicence_workflow,obsolete,ATContentTypes: Add Image,"Contributor, Editor, Manager"
codt_buildlicence_workflow,obsolete,urban: Add UrbanEvent,"Contributor, Editor, Manager"
codt_buildlicence_workflow,obsolete,liege.urban: Validate,"Contributor, Manager"
codt_buildlicence_workflow,obsolete,liege.urban: Habitation Editor,"Manager, AddressEditor"
codt_buildlicence_workflow,obsolete,urban: Add Applicant,"Contributor, Editor, Manager"
codt_buildlicence_workflow,obsolete,urban: Add CODT_Inquiry,"Contributor, Editor, Manager"
codt_buildlicence_workflow,obsolete,liege.urban: Road Reader,"Contributor, Editor, Manager, Reader, RoadEditor, RoadReader"
codt_buildlicence_workflow,obsolete,liege.urban: Road Editor,"Contributor, Editor, Manager, RoadEditor"
codt_buildlicence_workflow,obsolete,urban: Add Corporation,
codt_buildlicence_workflow,obsolete,Modify portal content,"Contributor, Editor, Manager, AddressEditor"
codt_buildlicence_workflow,obsolete,urban: Add Couple,"Contributor, Editor, Manager"
codt_buildlicence_workflow,obsolete,urban: Add PortionOut,"AddressEditor, Manager"
codt_buildlicence_workflow,obsolete,Add portal content,"Contributor, Editor, Manager, Reader"
codt_buildlicence_workflow,obsolete,Access contents information,"Contributor, Editor, ExternalReader, InternalReader, Manager, Reader, RoadEditor, RoadReader"
codt_buildlicence_workflow,obsolete,urban: Add UrbanEventOpinionRequest,"Contributor, Editor, Manager"
codt_buildlicence_workflow,refused,Review portal content,"Reviewer, Contributor, Manager"
codt_buildlicence_workflow,refused,Modify portal content,"Editor, Contributor, Manager"
codt_buildlicence_workflow,refused,Acces contents information,"Reader, Editor, Contributor, Manager"
codt_buildlicence_workflow,refused,Modify view template,Manager
codt_buildlicence_workflow,refused,urban: Add CODT_Inquiry,"Editor, Contributor, Manager"
codt_buildlicence_workflow,refused,Delete objects,"Editor, Contributor, Manager"
codt_buildlicence_workflow,refused,Add portal content,"Editor, Contributor, Manager"
codt_buildlicence_workflow,refused,urban: Add CODT_UniqueLicenceInquiry,"Editor, Contributor, Manager"
codt_buildlicence_workflow,refused,View,"Reader, Editor, Contributor, Manager"
codt_buildlicence_workflow,refused,Access contents information,"Reader, Editor, Contributor, Manager"
codt_buildlicence_workflow,refused,Manage properties,"Contributor, Editor, Manager"
codt_buildlicence_workflow,deposit,Review portal content,"Reviewer, Contributor, Manager"
codt_buildlicence_workflow,deposit,Modify portal content,"Editor, Contributor, Manager"
codt_buildlicence_workflow,deposit,Acces contents information,"Reader, Editor, Contributor, Manager"
codt_buildlicence_workflow,deposit,Modify view template,Manager
codt_buildlicence_workflow,deposit,urban: Add CODT_Inquiry,"Editor, Contributor, Manager"
codt_buildlicence_workflow,deposit,Delete objects,"Editor, Contributor, Manager"
codt_buildlicence_workflow,deposit,Add portal content,"Editor, Contributor, Manager"
codt_buildlicence_workflow,deposit,urban: Add CODT_UniqueLicenceInquiry,"Editor, Contributor, Manager"
codt_buildlicence_workflow,deposit,View,"Reader, Editor, Contributor, Manager"
codt_buildlicence_workflow,deposit,Access contents information,"Reader, Editor, Contributor, Manager"
codt_buildlicence_workflow,deposit,Manage properties,"Contributor, Editor, Manager"
codt_buildlicence_workflow,suspension,urban: Add UrbanEvent,"Contributor, Editor, Manager"
codt_buildlicence_workflow,suspension,ATContentTypes: Add File,"Contributor, Editor, Manager"
codt_buildlicence_workflow,suspension,List folder contents,"Contributor, Editor, Manager, Reader, RoadEditor, RoadReader"
codt_buildlicence_workflow,suspension,urban: Add Applicant,"Contributor, Editor, Manager"
codt_buildlicence_workflow,suspension,urban: Add Couple,"Contributor, Editor, Manager"
codt_buildlicence_workflow,suspension,Modify portal content,"Contributor, Editor, Manager, RoadEditor, AddressEditor"
codt_buildlicence_workflow,suspension,urban: Add Contact,"Contributor, Editor, Manager"
codt_buildlicence_workflow,suspension,urban: Add CODT_Inquiry,"Contributor, Editor, Manager"
codt_buildlicence_workflow,suspension,Delete objects,"Contributor, Editor, Manager"
codt_buildlicence_workflow,suspension,Add portal content,"Contributor, Editor, Manager, Reader"
codt_buildlicence_workflow,suspension,ATContentTypes: Add Image,"Contributor, Editor, Manager"
codt_buildlicence_workflow,suspension,View,"Contributor, Editor, ExternalReader, InternalReader, Manager, Reader, RoadEditor, RoadReader"
codt_buildlicence_workflow,suspension,urban: Add Corporation,"Contributor, Editor, Manager"
codt_buildlicence_workflow,suspension,Access contents information,"Contributor, Editor, ExternalReader, InternalReader, Manager, Reader, RoadEditor, RoadReader"
codt_buildlicence_workflow,suspension,urban: Add PortionOut,"AddressEditor, Manager"
codt_buildlicence_workflow,suspension,urban: Add UrbanEventOpinionRequest,"Contributor, Editor, Manager"
codt_buildlicence_workflow,accepted,Review portal content,"Reviewer, Manager"
codt_buildlicence_workflow,accepted,Modify portal content,"Editor, Contributor, Manager"
codt_buildlicence_workflow,accepted,Acces contents information,"Reader, Editor, Contributor, Manager"
codt_buildlicence_workflow,accepted,Modify view template,Manager
codt_buildlicence_workflow,accepted,urban: Add CODT_Inquiry,"Editor, Contributor, Manager"
codt_buildlicence_workflow,accepted,Delete objects,"Editor, Contributor, Manager"
codt_buildlicence_workflow,accepted,Add portal content,"Editor, Contributor, Manager"
codt_buildlicence_workflow,accepted,urban: Add CODT_UniqueLicenceInquiry,"Editor, Contributor, Manager"
codt_buildlicence_workflow,accepted,View,"Reader, Editor, Contributor, Manager"
codt_buildlicence_workflow,accepted,Access contents information,"Reader, Editor, Contributor, Manager"
codt_buildlicence_workflow,accepted,Manage properties,"Contributor, Editor, Manager"
codt_buildlicence_workflow,incomplete,Review portal content,"Reviewer, Manager"
codt_buildlicence_workflow,incomplete,Modify portal content,"Editor, Contributor, Manager"
codt_buildlicence_workflow,incomplete,Acces contents information,"Reader, Editor, Contributor, Manager"
codt_buildlicence_workflow,incomplete,Modify view template,Manager
codt_buildlicence_workflow,incomplete,urban: Add CODT_Inquiry,"Editor, Contributor, Manager"
codt_buildlicence_workflow,incomplete,Delete objects,"Editor, Contributor, Manager"
codt_buildlicence_workflow,incomplete,Add portal content,"Editor, Contributor, Manager"
codt_buildlicence_workflow,incomplete,urban: Add CODT_UniqueLicenceInquiry,"Editor, Contributor, Manager"
codt_buildlicence_workflow,incomplete,View,"Reader, Editor, Contributor, Manager"
codt_buildlicence_workflow,incomplete,Access contents information,"Reader, Editor, Contributor, Manager"
codt_buildlicence_workflow,incomplete,Manage properties,"Contributor, Editor, Manager"
college_event_workflow,draft,WebDAV Lock items,"Editor, Contributor, Manager"
college_event_workflow,draft,ATContentTypes: Add File,"Editor, Contributor, Manager, Owner"
college_event_workflow,draft,Modify portal content,"Editor, Contributor, Manager, Owner"
college_event_workflow,draft,WebDAV Unlock items,"Editor, Contributor, Manager"
college_event_workflow,draft,Delete objects,"Editor, Contributor, Manager, Owner"
college_event_workflow,draft,Add portal content,"Editor, Contributor, Manager, Owner"
college_event_workflow,draft,Access contents information,"Reader, Editor, Contributor, Manager, Owner"
college_event_workflow,draft,ATContentTypes: Add Image,"Editor, Contributor, Manager, Owner"
college_event_workflow,draft,View,"Reader, Editor, Contributor, Manager, Owner"
college_event_workflow,closed,WebDAV Lock items,"Editor, Contributor, Manager"
college_event_workflow,closed,ATContentTypes: Add File,Manager
college_event_workflow,closed,Modify portal content,"Editor, Contributor, Manager"
college_event_workflow,closed,WebDAV Unlock items,"Editor, Contributor, Manager"
college_event_workflow,closed,Delete objects,"Editor, Contributor, Manager"
college_event_workflow,closed,Add portal content,"Editor, Contributor, Manager"
college_event_workflow,closed,Access contents information,"Reader, Editor, Contributor, Manager"
college_event_workflow,closed,ATContentTypes: Add Image,Manager
college_event_workflow,closed,View,"Reader, Editor, Contributor, Manager"
college_event_workflow,decision_in_progress,WebDAV Lock items,"Editor, Contributor, Manager"
college_event_workflow,decision_in_progress,ATContentTypes: Add File,"Editor, Contributor, Manager"
college_event_workflow,decision_in_progress,Products.urban: SendToPM,"Contributor, Manager"
college_event_workflow,decision_in_progress,Modify portal content,"Editor, Contributor, Manager"
college_event_workflow,decision_in_progress,WebDAV Unlock items,"Editor, Contributor, Manager"
college_event_workflow,decision_in_progress,Delete objects,"Editor, Contributor, Manager"
college_event_workflow,decision_in_progress,Add portal content,"Editor, Contributor, Manager"
college_event_workflow,decision_in_progress,Access contents information,"Reader, Editor, Contributor, Manager"
college_event_workflow,decision_in_progress,ATContentTypes: Add Image,"Editor, Contributor, Manager"
college_event_workflow,decision_in_progress,View,"Reader, Editor, Contributor, Manager"
urbandivision_workflow,in_progress,Review portal content,"Editor, Contributor, Manager, Owner"
urbandivision_workflow,in_progress,urban: Add UrbanEvent,"Editor, Contributor, Manager"
urbandivision_workflow,in_progress,Modify portal content,"Editor, Contributor, Manager, Owner"
urbandivision_workflow,in_progress,Acces contents information,"Reader, Contributor, Editor, Manager, Owner"
urbandivision_workflow,in_progress,urban: Add Layer,"Editor, Contributor, Manager"
urbandivision_workflow,in_progress,Delete objects,"Editor, Contributor, Manager, Owner"
urbandivision_workflow,in_progress,Add portal content,"Editor, Contributor, Manager"
urbandivision_workflow,in_progress,Manage properties,"Contributor, Editor, Manager"
urbandivision_workflow,in_progress,imio.urban: Add Parcel,"Editor, Contributor, Manager"
urbandivision_workflow,in_progress,Access contents information,"Reader, Contributor, Editor, Manager, Owner"
urbandivision_workflow,in_progress,View,"Reader, Contributor, Editor, Manager, Owner"
urbandivision_workflow,accepted,Review portal content,"Manager, Reviewer"
urbandivision_workflow,accepted,urban: Add UrbanEvent,Manager
urbandivision_workflow,accepted,Modify portal content,Manager
urbandivision_workflow,accepted,Acces contents information,"Manager, Contributor, Editor, Reader"
urbandivision_workflow,accepted,urban: Add Layer,Manager
urbandivision_workflow,accepted,Modify view template,Manager
urbandivision_workflow,accepted,Delete objects,Manager
urbandivision_workflow,accepted,Add portal content,Manager
urbandivision_workflow,accepted,Manage properties,"Contributor, Editor, Manager"
urbandivision_workflow,accepted,imio.urban: Add Parcel,Manager
urbandivision_workflow,accepted,Access contents information,"Manager, Contributor, Editor, Reader"
urbandivision_workflow,accepted,View,"Manager, Contributor, Editor, Reader"
urbandivision_workflow,need_parceloutlicence,Review portal content,"Manager, Reviewer"
urbandivision_workflow,need_parceloutlicence,urban: Add UrbanEvent,Manager
urbandivision_workflow,need_parceloutlicence,Modify portal content,Manager
urbandivision_workflow,need_parceloutlicence,Acces contents information,"Manager, Contributor, Editor, Reader"
urbandivision_workflow,need_parceloutlicence,urban: Add Layer,Manager
urbandivision_workflow,need_parceloutlicence,Modify view template,Manager
urbandivision_workflow,need_parceloutlicence,Delete objects,Manager
urbandivision_workflow,need_parceloutlicence,Add portal content,Manager
urbandivision_workflow,need_parceloutlicence,Manage properties,"Contributor, Editor, Manager"
urbandivision_workflow,need_parceloutlicence,imio.urban: Add Parcel,Manager
urbandivision_workflow,need_parceloutlicence,Access contents information,"Manager, Contributor, Editor, Reader"
urbandivision_workflow,need_parceloutlicence,View,"Manager, Contributor, Editor, Reader"
urbanevent_workflow,in_progress,Review portal content,"Manager, Contributor, Editor, Owner"
urbanevent_workflow,in_progress,ATContentTypes: Add File,"Manager, Contributor, Editor, Owner"
urbanevent_workflow,in_progress,Modify portal content,"Manager, Contributor, Editor, Owner"
urbanevent_workflow,in_progress,Acces contents information,"Manager, Contributor, Editor, Reader, Owner"
urbanevent_workflow,in_progress,urban: Add RecipientCadastre,"Manager, Contributor, Editor, Owner"
urbanevent_workflow,in_progress,urban: Add Claimant,"Manager, Contributor, Editor, Owner"
urbanevent_workflow,in_progress,Modify view template,Manager
urbanevent_workflow,in_progress,Delete objects,"Manager, Contributor, Editor, Owner"
urbanevent_workflow,in_progress,Add portal content,"Manager, Contributor, Editor, Owner"
urbanevent_workflow,in_progress,ATContentTypes: Add Image,"Manager, Contributor, Editor, Owner"
urbanevent_workflow,in_progress,View,"Manager, Contributor, Editor, Reader, Owner"
urbanevent_workflow,closed,Review portal content,"Manager, Contributor, Editor"
urbanevent_workflow,closed,ATContentTypes: Add File,Manager
urbanevent_workflow,closed,Modify portal content,Manager
urbanevent_workflow,closed,Acces contents information,"Manager, Contributor, Editor, Reader"
urbanevent_workflow,closed,urban: Add RecipientCadastre,Manager
urbanevent_workflow,closed,urban: Add Claimant,Manager
urbanevent_workflow,closed,Modify view template,Manager
urbanevent_workflow,closed,Delete objects,Manager
urbanevent_workflow,closed,Add portal content,Manager
urbanevent_workflow,closed,Access contents information,"Manager, Contributor, Editor, Reader"
urbanevent_workflow,closed,ATContentTypes: Add Image,Manager
urbanevent_workflow,closed,View,"Manager, Contributor, Editor, Reader"
opinion_request_workflow,waiting_opinion,WebDAV Lock items,"Editor, Contributor, Manager"
opinion_request_workflow,waiting_opinion,ATContentTypes: Add File,"Editor, Contributor, Manager"
opinion_request_workflow,waiting_opinion,WebDAV UnLock items,"Contributor, Editor, Manager"
opinion_request_workflow,waiting_opinion,Modify portal content,"Editor, Contributor, Manager"
opinion_request_workflow,waiting_opinion,WebDAV Unlock items,"Editor, Contributor, Manager"
opinion_request_workflow,waiting_opinion,Delete objects,"Editor, Contributor, Manager"
opinion_request_workflow,waiting_opinion,Add portal content,"Editor, Contributor, Manager"
opinion_request_workflow,waiting_opinion,Products.urban: Validate,"Contributor, Manager"
opinion_request_workflow,waiting_opinion,Access contents information,"Reader, Editor, Contributor, Manager"
opinion_request_workflow,waiting_opinion,ATContentTypes: Add Image,"Editor, Contributor, Manager"
opinion_request_workflow,waiting_opinion,View,"Reader, Editor, Contributor, Manager"
opinion_request_workflow,opinion_validation,WebDAV Lock items,"Editor, Contributor, Manager"
opinion_request_workflow,opinion_validation,ATContentTypes: Add File,"Editor, Contributor, Manager"
opinion_request_workflow,opinion_validation,WebDAV UnLock items,"Contributor, Editor, Manager"
opinion_request_workflow,opinion_validation,Modify portal content,"Editor, Contributor, Manager"
opinion_request_workflow,opinion_validation,WebDAV Unlock items,"Editor, Contributor, Manager"
opinion_request_workflow,opinion_validation,Delete objects,"Editor, Contributor, Manager"
opinion_request_workflow,opinion_validation,Add portal content,"Editor, Contributor, Manager"
opinion_request_workflow,opinion_validation,Products.urban: Validate,"Contributor, Manager"
opinion_request_workflow,opinion_validation,Access contents information,"Reader, Editor, Contributor, Manager"
opinion_request_workflow,opinion_validation,ATContentTypes: Add Image,"Editor, Contributor, Manager"
opinion_request_workflow,opinion_validation,View,"Reader, Editor, Contributor, Manager"
opinion_request_workflow,creation,WebDAV Lock items,"Editor, Contributor, Manager"
opinion_request_workflow,creation,ATContentTypes: Add File,"Editor, Contributor, Manager, Owner"
opinion_request_workflow,creation,Modify portal content,"Editor, Contributor, Manager, Owner"
opinion_request_workflow,creation,WebDAV UnLock items,"Contributor, Editor, Manager"
opinion_request_workflow,creation,Delete objects,"Editor, Contributor, Manager, Owner"
opinion_request_workflow,creation,Add portal content,"Editor, Contributor, Manager, Owner"
opinion_request_workflow,creation,Products.urban: Validate,"Contributor, Manager"
opinion_request_workflow,creation,Access contents information,"Reader, Editor, Contributor, Manager, Owner"
opinion_request_workflow,creation,ATContentTypes: Add Image,"Editor, Contributor, Manager, Owner"
opinion_request_workflow,creation,View,"Reader, Editor, Contributor, Manager, Owner"
opinion_request_workflow,opinion_given,WebDAV Lock items,"Editor, Contributor, Manager"
opinion_request_workflow,opinion_given,ATContentTypes: Add File,Manager
opinion_request_workflow,opinion_given,WebDAV UnLock items,"Contributor, Editor, Manager"
opinion_request_workflow,opinion_given,Modify portal content,Manager
opinion_request_workflow,opinion_given,WebDAV Unlock items,"Editor, Contributor, Manager"
opinion_request_workflow,opinion_given,Delete objects,Manager
opinion_request_workflow,opinion_given,Add portal content,Manager
opinion_request_workflow,opinion_given,Products.urban: Validate,"Editor, Contributor, Manager"
opinion_request_workflow,opinion_given,Access contents information,"Reader, Editor, Contributor, Manager"
opinion_request_workflow,opinion_given,ATContentTypes: Add Image,Manager
opinion_request_workflow,opinion_given,View,"Reader, Editor, Contributor, Manager"
inspection_workflow,ended,Review portal content,"Reviewer, Manager"
inspection_workflow,ended,Modify portal content,"Editor, Contributor, Manager"
inspection_workflow,ended,Acces contents information,"Reader, Editor, Contributor, Manager"
inspection_workflow,ended,Modify view template,Manager
inspection_workflow,ended,Delete objects,"Editor, Contributor, Manager"
inspection_workflow,ended,Add portal content,"Editor, Contributor, Manager"
inspection_workflow,ended,Manage properties,"Contributor, Editor, Manager"
inspection_workflow,ended,Access contents information,"Reader, Editor, Contributor, Manager"
inspection_workflow,ended,View,"Reader, Editor, Contributor, Manager"
inspection_workflow,administrative_answer,Review portal content,"Reviewer, Contributor, Manager"
inspection_workflow,administrative_answer,Modify portal content,"Editor, Contributor, Manager"
inspection_workflow,administrative_answer,Acces contents information,"Reader, Editor, Contributor, Manager"
inspection_workflow,administrative_answer,Modify view template,Manager
inspection_workflow,administrative_answer,Delete objects,"Editor, Contributor, Manager"
inspection_workflow,administrative_answer,Add portal content,"Editor, Contributor, Manager"
inspection_workflow,administrative_answer,Manage properties,"Contributor, Editor, Manager"
inspection_workflow,administrative_answer,Access contents information,"Reader, Editor, Contributor, Manager"
inspection_workflow,administrative_answer,View,"Reader, Editor, Contributor, Manager"
inspection_workflow,creation,Review portal content,"Reviewer, Contributor, Manager"
inspection_workflow,creation,Modify portal content,"Editor, Contributor, Manager"
inspection_workflow,creation,Acces contents information,"Reader, Editor, Contributor, Manager"
inspection_workflow,creation,Modify view template,Manager
inspection_workflow,creation,Delete objects,"Editor, Contributor, Manager"
inspection_workflow,creation,Add portal content,"Editor, Contributor, Manager"
inspection_workflow,creation,Access contents information,"Reader, Editor, Contributor, Manager"
inspection_workflow,creation,View,"Reader, Editor, Contributor, Manager"
inspection_workflow,analysis,Review portal content,"Reviewer, Contributor, Manager"
inspection_workflow,analysis,Modify portal content,"Editor, Contributor, Manager"
inspection_workflow,analysis,Acces contents information,"Reader, Editor, Contributor, Manager"
inspection_workflow,analysis,Modify view template,Manager
inspection_workflow,analysis,Delete objects,"Editor, Contributor, Manager"
inspection_workflow,analysis,Add portal content,"Editor, Contributor, Manager"
inspection_workflow,analysis,Manage properties,"Contributor, Editor, Manager"
inspection_workflow,analysis,Access contents information,"Reader, Editor, Contributor, Manager"
inspection_workflow,analysis,View,"Reader, Editor, Contributor, Manager"
ticket_workflow,prosecution_analysis,urban: Add UrbanEvent,"Contributor, Editor, Manager"
ticket_workflow,prosecution_analysis,liege.urban: Validate,"Contributor, Manager"
ticket_workflow,prosecution_analysis,ATContentTypes: Add File,"Contributor, Editor, Manager"
ticket_workflow,prosecution_analysis,List folder contents,"Contributor, Editor, ExternalReader, Manager, Reader"
ticket_workflow,prosecution_analysis,urban: Add Applicant,"Contributor, Editor, Manager"
ticket_workflow,prosecution_analysis,liege.urban: Internal Editor,"Contributor, Editor, Manager"
ticket_workflow,prosecution_analysis,Modify portal content,"Contributor, Editor, Manager"
ticket_workflow,prosecution_analysis,liege.urban: External Reader,"Contributor, Editor, Manager, Reader"
ticket_workflow,prosecution_analysis,urban: Add Contact,"Contributor, Editor, Manager"
ticket_workflow,prosecution_analysis,urban: Add CODT_Inquiry,"Contributor, Editor, Manager"
ticket_workflow,prosecution_analysis,Delete objects,"Contributor, Editor, Manager"
ticket_workflow,prosecution_analysis,Add portal content,"Contributor, Editor, Manager, Reader"
ticket_workflow,prosecution_analysis,Manage properties,"Contributor, Editor, Manager"
ticket_workflow,prosecution_analysis,liege.urban: Internal Reader,"Contributor, Editor, Manager, Reader"
ticket_workflow,prosecution_analysis,urban: Add UrbanEventInspectionReport,"Contributor, Editor, Manager"
ticket_workflow,prosecution_analysis,View,"Contributor, Editor, ExternalReader, Manager, Reader"
ticket_workflow,prosecution_analysis,urban: Add Corporation,"Contributor, Editor, Manager"
ticket_workflow,prosecution_analysis,Access contents information,"Contributor, Editor, ExternalReader, Manager, Reader"
ticket_workflow,prosecution_analysis,ATContentTypes: Add Image,"Contributor, Editor, Manager"
ticket_workflow,prosecution_analysis,urban: Add UrbanEventOpinionRequest,"Contributor, Editor, Manager"
ticket_workflow,ended,urban: Add UrbanEvent,"Contributor, Editor, Manager"
ticket_workflow,ended,liege.urban: Validate,"Contributor, Manager"
ticket_workflow,ended,ATContentTypes: Add File,"Contributor, Editor, Manager"
ticket_workflow,ended,List folder contents,"Contributor, Editor, ExternalReader, Manager, Reader"
ticket_workflow,ended,urban: Add Applicant,"Contributor, Editor, Manager"
ticket_workflow,ended,liege.urban: Internal Editor,"Contributor, Editor, Manager"
ticket_workflow,ended,Modify portal content,"Contributor, Editor, Manager"
ticket_workflow,ended,liege.urban: External Reader,"Contributor, Editor, ExternalReader, Manager, Reader"
ticket_workflow,ended,urban: Add Contact,"Contributor, Editor, Manager"
ticket_workflow,ended,urban: Add CODT_Inquiry,"Contributor, Editor, Manager"
ticket_workflow,ended,Delete objects,"Contributor, Editor, Manager"
ticket_workflow,ended,Add portal content,"Contributor, Editor, Manager, Reader"
ticket_workflow,ended,Manage properties,"Contributor, Editor, Manager"
ticket_workflow,ended,liege.urban: Internal Reader,"Contributor, Editor, Manager, Reader"
ticket_workflow,ended,urban: Add UrbanEventInspectionReport,"Contributor, Editor, Manager"
ticket_workflow,ended,View,"Contributor, Editor, ExternalReader, Manager, Reader"
ticket_workflow,ended,urban: Add Corporation,"Contributor, Editor, Manager"
ticket_workflow,ended,Access contents information,"Contributor, Editor, ExternalReader, Manager, Reader"
ticket_workflow,ended,ATContentTypes: Add Image,"Contributor, Editor, Manager"
ticket_workflow,ended,urban: Add UrbanEventOpinionRequest,"Contributor, Editor, Manager"
ticket_workflow,creation,urban: Add UrbanEvent,"Contributor, Editor, Manager"
ticket_workflow,creation,liege.urban: Validate,"Contributor, Manager"
ticket_workflow,creation,ATContentTypes: Add File,"Contributor, Editor, Manager"
ticket_workflow,creation,List folder contents,"Contributor, Editor, ExternalReader, Manager, Reader"
ticket_workflow,creation,urban: Add Applicant,"Contributor, Editor, Manager"
ticket_workflow,creation,liege.urban: Internal Editor,"Contributor, Editor, Manager"
ticket_workflow,creation,Modify portal content,"Contributor, Editor, Manager"
ticket_workflow,creation,liege.urban: External Reader,"Contributor, Editor, Manager, Reader"
ticket_workflow,creation,urban: Add Contact,"Contributor, Editor, Manager"
ticket_workflow,creation,urban: Add CODT_Inquiry,"Contributor, Editor, Manager"
ticket_workflow,creation,Delete objects,"Contributor, Editor, Manager"
ticket_workflow,creation,Add portal content,"Contributor, Editor, Manager, Reader"
ticket_workflow,creation,Manage properties,"Contributor, Editor, Manager"
ticket_workflow,creation,liege.urban: Internal Reader,"Contributor, Editor, Manager, Reader"
ticket_workflow,creation,urban: Add UrbanEventInspectionReport,"Contributor, Editor, Manager"
ticket_workflow,creation,View,"Contributor, Editor, ExternalReader, Manager, Reader"
ticket_workflow,creation,urban: Add Corporation,"Contributor, Editor, Manager"
ticket_workflow,creation,Access contents information,"Contributor, Editor, ExternalReader, Manager, Reader"
ticket_workflow,creation,ATContentTypes: Add Image,"Contributor, Editor, Manager"
ticket_workflow,creation,urban: Add UrbanEventOpinionRequest,"Contributor, Editor, Manager"
ticket_workflow,in_progress_with_prosecutor,urban: Add UrbanEvent,"Contributor, Editor, Manager"
ticket_workflow,in_progress_with_prosecutor,liege.urban: Validate,"Contributor, Manager"
ticket_workflow,in_progress_with_prosecutor,ATContentTypes: Add File,"Contributor, Editor, Manager"
ticket_workflow,in_progress_with_prosecutor,List folder contents,"Contributor, Editor, ExternalReader, Manager, Reader"
ticket_workflow,in_progress_with_prosecutor,urban: Add Applicant,"Contributor, Editor, Manager"
ticket_workflow,in_progress_with_prosecutor,liege.urban: Internal Editor,"Contributor, Editor, Manager"
ticket_workflow,in_progress_with_prosecutor,Modify portal content,"Contributor, Editor, Manager"
ticket_workflow,in_progress_with_prosecutor,liege.urban: External Reader,"Contributor, Editor, Manager, Reader"
ticket_workflow,in_progress_with_prosecutor,urban: Add Contact,"Contributor, Editor, Manager"
ticket_workflow,in_progress_with_prosecutor,urban: Add CODT_Inquiry,"Contributor, Editor, Manager"
ticket_workflow,in_progress_with_prosecutor,Delete objects,"Contributor, Editor, Manager"
ticket_workflow,in_progress_with_prosecutor,Add portal content,"Contributor, Editor, Manager, Reader"
ticket_workflow,in_progress_with_prosecutor,Manage properties,"Contributor, Editor, Manager"
ticket_workflow,in_progress_with_prosecutor,liege.urban: Internal Reader,"Contributor, Editor, Manager, Reader"
ticket_workflow,in_progress_with_prosecutor,urban: Add UrbanEventInspectionReport,"Contributor, Editor, Manager"
ticket_workflow,in_progress_with_prosecutor,View,"Contributor, Editor, ExternalReader, Manager, Reader"
ticket_workflow,in_progress_with_prosecutor,urban: Add Corporation,"Contributor, Editor, Manager"
ticket_workflow,in_progress_with_prosecutor,Access contents information,"Contributor, Editor, ExternalReader, Manager, Reader"
ticket_workflow,in_progress_with_prosecutor,ATContentTypes: Add Image,"Contributor, Editor, Manager"
ticket_workflow,in_progress_with_prosecutor,urban: Add UrbanEventOpinionRequest,"Contributor, Editor, Manager"
ticket_workflow,in_progress_without_prosecutor,urban: Add UrbanEvent,"Contributor, Editor, Manager"
ticket_workflow,in_progress_without_prosecutor,liege.urban: Validate,"Contributor, Manager"
ticket_workflow,in_progress_without_prosecutor,ATContentTypes: Add File,"Contributor, Editor, Manager"
ticket_workflow,in_progress_without_prosecutor,List folder contents,"Contributor, Editor, ExternalReader, Manager, Reader"
ticket_workflow,in_progress_without_prosecutor,urban: Add Applicant,"Contributor, Editor, Manager"
ticket_workflow,in_progress_without_prosecutor,liege.urban: Internal Editor,"Contributor, Editor, Manager"
ticket_workflow,in_progress_without_prosecutor,Modify portal content,"Contributor, Editor, Manager"
ticket_workflow,in_progress_without_prosecutor,liege.urban: External Reader,"Contributor, Editor, Manager, Reader"
ticket_workflow,in_progress_without_prosecutor,urban: Add Contact,"Contributor, Editor, Manager"
ticket_workflow,in_progress_without_prosecutor,urban: Add CODT_Inquiry,"Contributor, Editor, Manager"
ticket_workflow,in_progress_without_prosecutor,Delete objects,"Contributor, Editor, Manager"
ticket_workflow,in_progress_without_prosecutor,Add portal content,"Contributor, Editor, Manager, Reader"
ticket_workflow,in_progress_without_prosecutor,Manage properties,"Contributor, Editor, Manager"
ticket_workflow,in_progress_without_prosecutor,liege.urban: Internal Reader,"Contributor, Editor, Manager, Reader"
ticket_workflow,in_progress_without_prosecutor,urban: Add UrbanEventInspectionReport,"Contributor, Editor, Manager"
ticket_workflow,in_progress_without_prosecutor,View,"Contributor, Editor, ExternalReader, Manager, Reader"
ticket_workflow,in_progress_without_prosecutor,urban: Add Corporation,"Contributor, Editor, Manager"
ticket_workflow,in_progress_without_prosecutor,Access contents information,"Contributor, Editor, ExternalReader, Manager, Reader"
ticket_workflow,in_progress_without_prosecutor,ATContentTypes: Add Image,"Contributor, Editor, Manager"
ticket_workflow,in_progress_without_prosecutor,urban: Add UrbanEventOpinionRequest,"Contributor, Editor, Manager"
housing_workflow,2nd_observation,Review portal content,"Reviewer, Contributor, Manager"
housing_workflow,2nd_observation,Modify portal content,"Editor, Contributor, Manager"
housing_workflow,2nd_observation,Acces contents information,"Reader, Editor, Contributor, Manager"
housing_workflow,2nd_observation,Modify view template,Manager
housing_workflow,2nd_observation,Delete objects,"Editor, Contributor, Manager"
housing_workflow,2nd_observation,Add portal content,"Editor, Contributor, Manager"
housing_workflow,2nd_observation,Manage properties,"Contributor, Editor, Manager"
housing_workflow,2nd_observation,Access contents information,"Reader, Editor, Contributor, Manager"
housing_workflow,2nd_observation,View,"Reader, Editor, Contributor, Manager"
housing_workflow,creation,Review portal content,"Reviewer, Contributor, Manager"
housing_workflow,creation,Modify portal content,"Editor, Contributor, Manager"
housing_workflow,creation,Acces contents information,"Reader, Editor, Contributor, Manager"
housing_workflow,creation,Modify view template,Manager
housing_workflow,creation,Delete objects,"Editor, Contributor, Manager"
housing_workflow,creation,Add portal content,"Editor, Contributor, Manager"
housing_workflow,creation,Access contents information,"Reader, Editor, Contributor, Manager"
housing_workflow,creation,View,"Reader, Editor, Contributor, Manager"
housing_workflow,1st_observation,Review portal content,"Reviewer, Contributor, Manager"
housing_workflow,1st_observation,Modify portal content,"Editor, Contributor, Manager"
housing_workflow,1st_observation,Acces contents information,"Reader, Editor, Contributor, Manager"
housing_workflow,1st_observation,Modify view template,Manager
housing_workflow,1st_observation,Delete objects,"Editor, Contributor, Manager"
housing_workflow,1st_observation,Add portal content,"Editor, Contributor, Manager"
housing_workflow,1st_observation,Manage properties,"Contributor, Editor, Manager"
housing_workflow,1st_observation,Access contents information,"Reader, Editor, Contributor, Manager"
housing_workflow,1st_observation,View,"Reader, Editor, Contributor, Manager"
housing_workflow,analysis,Review portal content,"Reviewer, Contributor, Manager"
housing_workflow,analysis,Modify portal content,"Editor, Contributor, Manager"
housing_workflow,analysis,Acces contents information,"Reader, Editor, Contributor, Manager"
housing_workflow,analysis,Modify view template,Manager
housing_workflow,analysis,Delete objects,"Editor, Contributor, Manager"
housing_workflow,analysis,Add portal content,"Editor, Contributor, Manager"
housing_workflow,analysis,Manage properties,"Contributor, Editor, Manager"
housing_workflow,analysis,Access contents information,"Reader, Editor, Contributor, Manager"
housing_workflow,analysis,View,"Reader, Editor, Contributor, Manager"
housing_workflow,ended,Review portal content,"Reviewer, Manager"
housing_workflow,ended,Modify portal content,"Editor, Contributor, Manager"
housing_workflow,ended,Acces contents information,"Reader, Editor, Contributor, Manager"
housing_workflow,ended,Modify view template,Manager
housing_workflow,ended,Delete objects,"Editor, Contributor, Manager"
housing_workflow,ended,Add portal content,"Editor, Contributor, Manager"
housing_workflow,ended,Manage properties,"Contributor, Editor, Manager"
housing_workflow,ended,Access contents information,"Reader, Editor, Contributor, Manager"
housing_workflow,ended,View,"Reader, Editor, Contributor, Manager"
housing_workflow,annual_observation,Review portal content,"Reviewer, Contributor, Manager"
housing_workflow,annual_observation,Modify portal content,"Editor, Contributor, Manager"
housing_workflow,annual_observation,Acces contents information,"Reader, Editor, Contributor, Manager"
housing_workflow,annual_observation,Modify view template,Manager
housing_workflow,annual_observation,Delete objects,"Editor, Contributor, Manager"
housing_workflow,annual_observation,Add portal content,"Editor, Contributor, Manager"
housing_workflow,annual_observation,Manage properties,"Contributor, Editor, Manager"
housing_workflow,annual_observation,Access contents information,"Reader, Editor, Contributor, Manager"
housing_workflow,annual_observation,View,"Reader, Editor, Contributor, Manager"
